#,decision,year,title,authors,source,doi,abstract_decision_reason,reviewer1,reviewer2,final_decision,exclusion_reason
1,borderline,,"Demand prediction method for total knee joint            replacement (TKR) in clinical auxiliary decision,            involves classifying output probability value of TKA            based on set risk threshold and visualized using color            coding, structural heatmaps, or Shapley interpretation            diagrams",ZHANG H,,,"No abstract available to verify whether all three criteria are met (procedure appears to be TKA, but AI/ML method and PROM outcome cannot be confirmed from title alone).",,,,
2,borderline,2014,Evaluating treatment effectiveness under model misspecification: A comparison of targeted maximum likelihood estimation with bias-corrected matching,Noémi Kreif; Susan Gruber; Rosalba Radice; Richard Grieve; Jasjeet S. Sekhon,Statistical Methods in Medical Research,10.1177/0962280214521341,"The study involves hip prosthesis and health-related quality of life (a PROM), and uses machine learning approaches, but the abstract does not clearly specify whether the primary outcome is a validated PROM (e.g., HOOS, OHS, SF-36, EQ-5D) or a generic quality-of-life measure, and does not confirm that the ML models directly predict the PROM rather than serving as auxiliary tools in a causal inference framework; full text review needed to confirm criterion 3.",,,,
3,borderline,2017,Predicting and Analyzing Osteoarthritis Patient Outcomes with Machine Learning,Per-Victor Persson; Hans Rietz,Lund University Publications Student Papers (Lund University),,"The abstract mentions machine learning models (neural networks, logistic regression, gradient boosting) applied to osteoarthritis patients, but does not specify whether the study population underwent TKA/THA surgery, what the specific patient outcomes measured are (unclear if PROMs like KOOS/WOMAC or clinical outcomes), or provide sufficient detail to confirm all three criteria are met.",,,,
4,borderline,2018,An Unsupervised Learning Model for Pattern Recognition in Routinely Collected Healthcare Data,S. Khalid; A. Judge; R. Pinedo-Villanueva,International Conference on Health Informatics,10.5220/0006535602660273,"The study uses ML methods (k-means, hierarchical clustering) on knee replacement surgery patients with self-reported pain outcomes (PROM data), meeting criteria 1-3, but the abstract does not clearly state whether the model predicts PROMs prospectively or merely identifies retrospective patterns in existing data; full text review needed to confirm if this constitutes PROM prediction rather than post-hoc clustering.",,,,
5,borderline,2018,Analysis of patient domestic activity in recovery from hip or knee replacement surgery: modelling wrist-worn wearable RSSI and accelerometer data in the wild,Mike Holmes; Hao Song; Emma L. Tonkin; Miquel Perelló-Nieto; Sabrina Grant; Peter Flach,Bristol Research (University of Bristol),,"The study involves THA/TKA patients and applies machine learning to wearable/sensor data, but the abstract does not clearly state that the ML models directly predict patient-reported outcomes (Oxford Hip & Knee scores are mentioned as conventional assessments used by clinicians, not as the primary ML prediction target); instead, the ML appears to predict location and activity classification, which are behavioral proxies rather than PROMs themselves.",,,,
6,borderline,2018,Pre-operative sensor-based gait parameters predict functional outcome after total knee arthroplasty,Felix Kluge; Julius Hannink; Cristian Pasluosta; Jochen Klucken; Heiko Gaßner; Kolja Gelse; Bjoern M. Eskofier; Sebastian Krinner,Gait & Posture,10.1016/j.gaitpost.2018.08.026,"The study meets criteria 1 (TKA) and 2 (machine learning used), but criterion 3 is ambiguous—while PROMs improved significantly post-operatively, the primary outcome appears to be gait function (a clinical outcome), and it is unclear whether PROM prediction was the primary or key secondary outcome versus gait-based responder classification.",,,,
7,borderline,2019,PSU39 FEASIBILITY STUDY OF USING PATIENT REPORTED OUTCOMES AND PREDICTIVE ANALYTICS IN CLINICAL DECISION SUPPORT TO ENHANCE PATIENT CENTERED CARE,N.K. Hermansen; Henriette Bjerregaard; Mogens Berg Laursen; Lars Holger Ehlers,Value in Health,10.1016/j.jval.2019.09.2623,"No abstract available to verify that all three criteria are met (procedure type, AI/ML method, and PROM outcome); title suggests potential relevance but insufficient detail to confirm study design and methods.",,,,
8,borderline,2019,Remote Patient Monitoring Using Mobile Health for Total Knee Arthroplasty: Validation of a Wearable and Machine Learning-Based Surveillance Platform.,P. Ramkumar; Heather S. Haeberle; Deepak Ramanathan; W. Cantrell; S. Navarro; Michael A Mont; Michael R. Bloomfield; B. Patterson,The Journal of arthroplasty,10.1016/j.arth.2019.05.021,"The study involves TKA (criterion 1 met) and collects PROMs including KOOS (criterion 3 met), but the abstract does not clearly describe whether machine learning models are developed to *predict* PROMs; instead, it appears to validate a remote monitoring platform that *collects* PROMs data, with machine learning potentially used for wearable data processing rather than PROM prediction (criterion 2 unclear).",,,,
9,borderline,2020,"Data-driven Patient Profiles: Definition, validation, and implementation for tailored orthopaedic healthcare services",Tessa Dekkers,Research Repository (Delft University of Technology),10.4233/uuid:a9ed38e9-4cf5-4b35-a43c-68c1b283e938,"While the study involves TKA/THA patients and uses machine learning for patient profiling, the abstract does not clearly specify that the primary outcome is a PROM (patient-reported outcome measure); it focuses on ""patient experience"" and ""patient profiling"" for tailoring healthcare services, which may be process/satisfaction outcomes rather than validated PROMs like KOOS, HOOS, or WOMAC. Full text review needed to confirm whether validated PROMs are the primary or key secondary outcome being predicted by the ML models.",,,,
10,borderline,2020,Improving Patient Outcomes Following Total Knee Arthroplasty: Identifying Rehabilitation Pathways Based on Modifiable Psychological Risk and Resilience Factors,Elizabeth Ditton; Sarah J. Johnson; Nicolette A. Hodyl; Traci Flynn; Michael Pollack; Karen Ribbons; Frederick R. Walker; Michael Nilsson,Frontiers in Psychology,10.3389/fpsyg.2020.01061,"The abstract describes a conceptual proposal to develop a machine-learning model to predict postoperative recovery trajectories and patient-centered outcomes following TKA, meeting criteria 1 (TKA procedure) and 2 (ML model mentioned), but the abstract does not explicitly name or confirm specific PROM instruments as primary outcomes, making criterion 3 ambiguous—full text review needed to verify whether validated PROMs are the actual measured outcomes.",,,,
11,borderline,2020,"Individualized predictions of changes in knee pain, quality of life and walking speed following patient education and exercise therapy in patients with knee osteoarthritis – a prognostic model study",Linda Baumbach; Markus List; D.T. Grønne; Søren Thorgaard Skou; Ewa M. Roos,Osteoarthritis and Cartilage,10.1016/j.joca.2020.05.014,"No abstract available to assess whether the study develops/validates an AI/ML model (criterion 2) versus purely statistical methods, and whether it includes patients with TKA/THA (criterion 1) or only conservative management for knee OA.",,,,
12,borderline,2020,Modelling Patient Behaviour Using IoT Sensor Data: a Case Study to Evaluate Techniques for Modelling Domestic Behaviour in Recovery from Total Hip Replacement Surgery,Michael Holmes; Miquel Perelló-Nieto; Hao Song; Emma L. Tonkin; Sabrina Grant; Peter Flach,Journal of Healthcare Informatics Research,10.1007/s41666-020-00072-6,"The study involves THA patients and uses IoT sensor data to characterize relationships with PROMs (Oxford Hip Score), but the abstract does not clearly state whether an AI/ML model was developed to predict PROMs—it describes trend analysis and pattern detection in sensor data compared to PROM scores rather than explicit ML-based PROM prediction, making criterion 2 ambiguous.",,,,
13,borderline,2021,Objective characterization of hip pain levels during walking by combining quantitative electroencephalography with machine learning,Atsushi Kimura; Yasue Mitsukura; Akihito Oya; Morio Matsumoto; Masaya Nakamura; Arihiko Kanaji; Takeshi Miyamoto,Scientific Reports,10.1038/s41598-021-82696-1,"The study includes THA patients (criterion 1 met) and uses machine learning (support vector machine, criterion 2 met), but the primary outcome is pain measured by a numerical rating scale rather than a validated PROM instrument like OHS or HOOS; while pain assessment is patient-reported, it is unclear whether this constitutes a recognized PROM or is simply a visual analog/numerical scale used as a secondary measure, making criterion 3 ambiguous.",,,,
14,borderline,2022,An orthopaedic intelligence application successfully integrates data from a smartphone-based care management platform and a robotic knee system using a commercial database,Jess H. Lonner; Mike B. Anderson; Roberta E. Redfern; Dave Van Andel; James C. Ballard; Sébastien Parratte,International Orthopaedics,10.1007/s00264-022-05651-3,No abstract available to assess whether the study develops/validates ML models for predicting PROMs following TKA; title suggests smartphone-based care management and robotic knee system integration but does not clarify if AI/ML models predict patient-reported outcomes.,,,,
15,borderline,2022,Identifying Subgroups of Patients Undergoing Knee Replacement,"McGinley, Brooke",ARTHRITIS & RHEUMATOLOGY,,No abstract available to assess whether the study develops ML/AI models predicting PROMs following TKA; full text review needed to determine if all three criteria are met.,,,,
16,borderline,2022,Identifying the Trajectory of Normal Recovery Following Knee Arthroplasty Via Physical Activity Monitoring,"Small, Scott Richard",,,No abstract available to assess whether the study develops AI/ML models to predict PROMs (criterion 2) or uses physical activity monitoring as a PROM outcome versus clinical outcome (criterion 3); full text review needed.,,,,
17,borderline,2022,Machine Learning: the Future of Total Knee Replacement,H. Gene Dossett,Federal Practitioner,10.12788/fp.0224,"No abstract available to assess whether all three criteria (TKA procedure, AI/ML method, PROM outcome) are met; full text review needed to determine relevance.",,,,
18,borderline,2022,Should We Aim to Help Patients “Feel Better” or “Feel Good” After Total Hip Arthroplasty? Determining Factors Affecting the Achievement of the Minimal Clinically Important Difference and Patient Acceptable Symptom State,Graham S. Goh; Saad Tarabichi; Colin M. Baker; Qudratullah S. Qadiri; Matthew S. Austin,The Journal of Arthroplasty,10.1016/j.arth.2022.08.014,"No abstract available to assess whether the study develops/validates AI/ML models (criterion 2) for predicting PROMs after THA (criteria 1 and 3 appear relevant based on title), making it impossible to confirm all three criteria are met from the title alone.",,,,
19,borderline,2023,"An AI-based patient-specific clinical decision support system for OA patients choosing surgery or not: study protocol for a single-centre, parallel-group, non-inferiority randomised controlled trial",Nanna Kastrup; Helene H. Bjerregaard; Mogens Berg Laursen; Jan Brink Valentin; Søren Paaske Johnsen; Cathrine Elgaard Jensen,Trials,10.1186/s13063-022-07039-5,"This is a study protocol for a randomized controlled trial using an AI system (ERVIN.2) to predict Oxford hip/knee scores and HRQoL for TKA/THA patients; while the protocol describes PROM outcomes (Oxford scores, EQ-5D-3L) and AI-based prediction, it is a protocol document without actual results, making it unclear whether the AI model's predictive accuracy for PROMs will be formally evaluated as a primary analysis.",,,,
20,borderline,2023,An Interpretable Machine Learning Model for Predicting 10-Year Total Hip Arthroplasty Risk,Seong J. Jang; Mark Alan Fontana; Kyle N. Kunze; Christopher G. Anderson; Thomas P. Sculco; David J. Mayman; Seth A. Jerabek; Jonathan M. Vigdorchik; Peter K. Sculco,The Journal of Arthroplasty,10.1016/j.arth.2023.03.087,"No abstract available to verify whether the study develops ML models to predict patient-reported outcomes (PROM) following THA; the title suggests THA risk prediction but does not clarify if PROMs are the outcome measure or if clinical outcomes (e.g., need for revision) are predicted instead.",,,,
21,borderline,2023,Clinical phenotypes and prognostic factors in persons with hip osteoarthritis undergoing total hip arthroplasty: protocol for a longitudinal prospective cohort study (HIPPROCLIPS),Abner Sergooris; Jonas Verbrugghe; Thomas Matheve; Maaike Van Den Houte; Bruno Bonnechère; Kristoff Corten; Katleen Bogaerts; Annick Timmermans,BMC Musculoskeletal Disorders,10.1186/s12891-023-06326-9,"This is a study protocol (not yet completed research with results) that describes planned use of ML methods (gradient boosting, recurrent neural networks) to predict PROM outcomes (HOOS) in THA patients, but the abstract does not confirm that the ML models have been developed, validated, or benchmarked—only that they will be used; therefore, it is unclear whether this meets the criterion of developing/validating/benchmarking ML models.",,,,
22,borderline,2023,Development of a machine learning algorithm to identify surgical candidates for hip and knee arthroplasty without in-person evaluation,Alexander M. Crawford; Aditya V. Karhade; Nicole Agaronnik; Harry M. Lightsey; Grace X. Xiong; Joseph H. Schwab; Andrew J. Schoenfeld; Andrew K. Simpson,Archives of Orthopaedic and Trauma Surgery,10.1007/s00402-023-04827-9,No abstract available to assess whether the study develops ML models that predict PROMs (criterion 3) versus clinical decision-making for surgical candidacy; full text review needed to determine relevance.,,,,
23,borderline,2023,PROMIS cluster analysis predicts two-year outcomes in knee surgery patients,Justin Kung; Samir Kaveeshwar; Michael S. Rocca; Daniel Rivkin; Jacob Hartline; Jonathan D. Packer; Sean J. Meredith; Natalie L. Leong; R. Frank Henn,Journal of Orthopaedics,10.1016/j.jor.2023.04.001,No abstract available to assess whether the study develops/validates ML models (criterion 2) and whether PROMIS is used as a primary outcome measure for TKA patients (criteria 1 and 3); full text review needed.,,,,
24,borderline,2023,Patient-Specific Pain Model for Identifying Patients at Risk Following TKA,Ricardo Antunes; Paul Mazhuvanchary Jacob; B. Marchand; E. A. Justice; Kelly Taylor; Emily Hampp; Matthias Verstraete,Journal of Orthopaedic Experience & Innovation,10.60118/001c.74712,"The study involves TKA patients and develops a predictive model for pain outcomes, but the abstract does not explicitly confirm whether the pain scores constitute a validated PROM (e.g., KOOS pain subscale, numeric pain rating scale as part of a PROM) or are simply raw pain assessments; additionally, the modeling approach is not clearly described as AI/ML (e.g., no mention of random forest, neural networks, or other explicit ML methods), making it unclear if criterion 2 is met.",,,,
25,borderline,2023,SMART choice (knee) tool: a patient-focused predictive model to predict improvement in health-related quality of life after total knee arthroplasty.,Zhou Y,ANZ J Surg,10.1111/ans.18250,"The study develops multiple models including ML methods (extreme gradient boosted trees, random forest) alongside logistic regression to predict a PROM outcome (utility score improvement, measured via Veterans-RAND 12) in TKA patients, meeting all three criteria; however, the abstract emphasizes that logistic regression (a non-ML statistical method) performed best and was selected as the final model, creating ambiguity about whether ML prediction of PROMs is truly a primary focus or merely a comparison point—full text review needed to clarify the study's primary intent and whether",,,,
26,borderline,2023,Using Presurgical Biopsychosocial Features to Develop an Advanced Clinical Decision-Making Support Tool for Predicting Recovery Trajectories in Patients Undergoing Total Knee Arthroplasty: Protocol for a Prospective Observational Study,Karen Ribbons; Sarah J. Johnson; Elizabeth Ditton; Adrian Wills; Gillian Mason; Traci Flynn; Jodie A. Cochrane; Michael Pollack; Frederick R. Walker; Michael Nilsson,JMIR Research Protocols,10.2196/48801,"The study meets criteria 1 (TKA procedure) and 3 (PROM outcomes including quality of life, patient-reported knee symptoms, satisfaction, mood status), but criterion 2 is ambiguous—the abstract states ""machine learning data analysis techniques will be applied"" and mentions ""predictive model"" development, but this is a protocol paper with results only showing recruitment completion (n=1050), not actual model development, validation, or performance metrics, making it unclear whether ML models were actually developed and evaluated.",,,,
27,borderline,2024,Artificial Intelligence for Clinically Meaningful Outcome Prediction in Orthopedic Research: Current Applications and Limitations,Seong J. Jang; Jake Rosenstadt; Eugenia Lee; Kyle N. Kunze,Current Reviews in Musculoskeletal Medicine,10.1007/s12178-024-09893-z,No abstract available to assess whether the paper develops/validates AI/ML models predicting PROMs specifically for TKA/THA patients; full text review needed to determine relevance against all three criteria.,,,,
28,borderline,2024,Comprehensive analysis of total knee arthroplasty kinematics and functional recovery: Exploring full-body gait deviations in patients with knee osteoarthritis,Xavier Gasparutto; Alice Bonnefoy‐Mazure; Michaël Attias; Katia Turcot; Stéphane Armand; Hermès H. Miozzari,PLoS ONE,10.1371/journal.pone.0314991,"The study involves TKA patients and uses ML (K-means clustering) on gait kinematics, but the abstract does not clearly specify whether the primary outcome is a validated PROM (e.g., KOOS, WOMAC, OKS) or whether the ML model is designed to predict PROMs; the focus appears to be on clustering functional phenotypes based on biomechanics with PROM assessment as a secondary analysis, making it unclear if criterion 3 is fully met.",,,,
29,borderline,2024,Development of a Machine-Learning Model for Anterior Knee Pain After Total Knee Arthroplasty With Patellar Preservation Using Radiological Variables,Maximiliano Barahona; Mauricio Guzmán; Sebastian Cartes; Andrés E Arancibia; Javier E Mora; Macarena Barahona; Daniel González Palma; Jaime Hinzpeter; C Infante; Cristián Barrientos,The Journal of Arthroplasty,10.1016/j.arth.2024.02.006,"The study meets criteria 1 (TKA procedure) and 2 (ML method: Gradient Boosting Classifier), but criterion 3 is ambiguous—while the abstract mentions ""patient-reported outcomes were significantly better"" in those without AKP, it does not explicitly state that a validated PROM (e.g., KOOS, OKS, WOMAC) was the primary or key outcome being predicted by the ML model; the primary outcome appears to be AKP (a binary clinical outcome) predicted from radiological variables",,,,
30,borderline,2024,Personalized Prediction of Pain and Function for Knee Osteoarthritis Patients 1 Year After Total Knee Arthroplasty Using Machine Learning,"Wanglin, Carly",ARTHRITIS & RHEUMATOLOGY,,"No abstract available to verify that all three criteria are met (TKA procedure is likely met from title, but ML method and PROM outcome cannot be confirmed without abstract text).",,,,
31,borderline,2024,"Predicting rapid progression in knee osteoarthritis: a novel and interpretable automated machine learning approach, with specific focus on young patients and early disease",Simone Castagno; Mark Birch; Mihaela van der Schaar; Andrew W. McCaskie,Annals of the Rheumatic Diseases,10.1136/ard-2024-225872,"No abstract available to assess whether the study involves TKA/THA patients, uses ML to predict PROMs (versus structural/imaging progression), and meets all three inclusion criteria.",,,,
32,borderline,2024,"Predictive validity of machine learning vs a consensus-based MRI definition of osteoarthritis combined with radiographic osteoarthritis for the progression of cartilage loss, knee symptoms and total knee replacement",Xing Xing; Yining Wang; Jianan Zhu; Ziyuan Shen; Flavia Cicuttini; Graeme Jones; Dawn Aitken; Guoqi Cai,Osteoarthritis and Cartilage,10.1016/j.joca.2024.02.499,"No abstract available to assess whether the study develops ML models to predict PROMs (criterion 3) following TKA, or whether it focuses on osteoarthritis progression prediction rather than post-arthroplasty outcomes.",,,,
33,borderline,2024,The Relationship Between Activity Captured Using Wearable Sensors and Capability in Patients Undergoing Total Joint Replacement,Eugenia Lin,Journal of Clinical and Medical Surgery,10.52768/2833-5465/1171,"The abstract mentions wearable sensors, PROMs, and total joint replacement (TKA/THA likely included), but does not explicitly state whether an AI/ML model was developed to predict PROMs—it only describes examining ""relationships"" between activity data and capability, which could be purely statistical analysis rather than machine learning.",,,,
34,borderline,2024,UNDERSTANDING AGE AS A RISK FACTOR FOR COMPLICATIONS AFTER TOTAL KNEE ARTHROPLASTY: WHAT CAN WE LEARN FROM MACHINE LEARNING?,Bella Mehta; Yi Yiyuan; Chloe Heiting; Kaylee Ho; Susan M. Goodman; Peter K. Sculco; Fei Wang; Rich Caruana; Peter Cram; Said A. Ibrahim,Osteoarthritis and Cartilage,10.1016/j.joca.2024.02.113,No abstract available to assess whether the study develops ML models to predict PROMs (criterion 2 and 3); title suggests ML is used but does not clarify if PROMs are the primary outcome or only complications are assessed.,,,,
35,borderline,2025,AI-Based Analysis of Post-Surgical Patient Data for Risk Stratification After Total Knee Arthroplasty,Naidu Paila,Journal of Artificial intelligence and Machine Learning,10.55124/jaim.v3i4.295,"The study meets criteria 1 (TKA procedure) and 2 (interpretable machine learning models trained on prospective data), but the abstract does not explicitly state that patient-reported outcomes (PROMs) are the primary or key secondary outcome being predicted—it mentions ""patient-reported outcomes"" were utilized as input data and references ""unfavorable outcomes"" and ""outcome events,"" but does not clarify whether the ML model's primary prediction target is a validated PROM (e.g., KOOS, OKS, WOMAC) or",,,,
36,borderline,2025,AUTOMATED EXTRACTION OF PATIENT-REPORTED PAIN OUTCOMES IN OSTEOARTHRITIS USING PROMPT ENGINEERING OF LARGE LANGUAGE MODELS,"Doshi, J.",ANNALS OF THE RHEUMATIC DISEASES,10.1136/annrheumdis-2025-eular.b3516,"No abstract available to assess whether the study involves TKA/THA patients, develops ML models to predict PROMs (versus merely extracting existing PROM data), and uses appropriate validation methodology.",,,,
37,borderline,2025,Application of Artificial Intelligence and its Subsets in Various Stages of Knee Arthroplasty from Pre-op to Post-op: An Overview,Jacqueline B Anderson Enni; Devendra K. Agrawal,Journal of Orthopaedics and Sports Medicine,10.26502/josm.511500185,"The abstract describes an overview of AI applications across knee arthroplasty stages but does not clearly specify whether the review includes studies predicting patient-reported outcomes (PROMs) using ML/AI models, or whether it focuses on other applications (imaging, surgical assistance, diagnostics) without PROM prediction—making it impossible to confirm criterion 3 from the abstract alone.",,,,
38,borderline,2025,Current Concepts in Artificial Intelligence-Assisted Arthroplasty: A Review of the Perioperative Pathway,Abdelrahman Sayed; Ahmed Elkohail; Ali Soffar; Mohamed Elbanna; Larisa Radu; Mohamed Wasim Shaffe Ahamed; Rhia Shah,Cureus,10.7759/cureus.99946,"The abstract describes AI models predicting PROMs (pain trajectories, dissatisfaction, attainment of minimally clinically important differences) following hip and knee arthroplasty, meeting all three criteria; however, this is a narrative review rather than a primary research study developing or validating specific models, making the study type ambiguous (E4).",,,,
39,borderline,2025,Development of a Machine Learning Model for Determining Alignment in Knees Following Total Knee Arthroplasty,Anoop S Chandrashekar; Yehyun Suh; Jacob A Fox; Aleksander P. Mika; Daniel Moyer; Gregory G. Polkowski; Martin Faschingbauer; J. Ryan Martin,The Journal of Arthroplasty,10.1016/j.arth.2025.06.016,No abstract available to assess whether the study predicts patient-reported outcomes (PROM) versus purely clinical/radiographic alignment outcomes; full text review needed to determine if criterion 3 is met.,,,,
40,borderline,2025,Efficient surrogate-assisted inference for patient-reported outcome measures with complex missing mechanism,Jaeyoung Park; Muxuan Liang; Ying‐Qi Zhao; Xiang Zhong,Electronic Journal of Statistics,10.1214/24-ejs2335,"The abstract describes a statistical methodology for predicting PRO measures with missing data using flexible imputation models (potentially including ML), but does not clearly specify: (1) whether the application involves TKA/THA patients, (2) which specific AI/ML models are used (mentions ""machine learning or nonparametric methods"" generically), or (3) whether the real-world application validates prediction of a specific PROM following arthroplasty. Full text review needed to confirm all three criteria are met.",,,,
41,borderline,2025,Enhanced rehabilitation after total joint replacement using a wearable high-density surface electromyography system,Richard Morsch; Tim Böckenförde; Milan Wolf; Stefan Landgraeber; Daniel J. Strauß,Frontiers in Rehabilitation Sciences,10.3389/fresc.2025.1657543,"The study involves TKA/THA patients and mentions ""promising alignment with patient-reported outcome measures,"" but the abstract does not clearly establish that predicting PROMs is a primary or key secondary outcome, nor does it specify an AI/ML model (HD-sEMG signal processing with feature extraction may constitute ML, but this is ambiguous); full text review needed to confirm whether PROM prediction is a defined objective with validated ML methods.",,,,
42,borderline,2025,High-dimensional item response theory analysis of patient-reported outcomes in total knee arthroplasty,Abel Díaz Berenguer; Matías Nicolás Bossa; Julien Lebleu; Andries Pauwels; Hichem Sahli,npj Digital Medicine,10.1038/s41746-025-01783-z,"The study meets criteria 1 (TKA population) and 3 (PROM outcomes: OKS, EQ-5D-3L), but criterion 2 is ambiguous—while MHIRT is a sophisticated Bayesian statistical model, it is not clearly an AI/ML model in the conventional sense (no mention of random forest, neural networks, gradient boosting, XGBoost, SVM, or deep learning), and the abstract does not explicitly state that PROM prediction is the primary outcome (it emphasizes PR",,,,
43,borderline,2025,Insights From Inputs: Enhancing Revision Total Joint Arthroplasty Resource Allocation With Machine Learning Prediction,Johnathan R. Lex; Bahar Entezari; Aazad Abbas; Jay Toor; David Backstein; Cari Whyne; Bheeshma Ravi,The Journal of Arthroplasty,10.1016/j.arth.2025.04.072,"No abstract available to assess whether the study develops ML models to predict PROMs (criterion 2 and 3) following TKA/THA revision; title suggests resource allocation prediction rather than PROM prediction, but full text review needed to confirm.",,,,
44,borderline,2025,PREDICTING FUNCTIONAL OUTCOMES AFTER TOTAL KNEE ARTHROPLASTY USING MACHINE LEARNING ALGORITHMS,"Lee, J. . T.",ANNALS OF THE RHEUMATIC DISEASES,10.1136/annrheumdis-2025-eular.b53,"No abstract available to verify that all three criteria are met (TKA procedure likely satisfied, but AI/ML method and PROM outcome cannot be confirmed from title alone).",,,,
45,borderline,2025,Pain mechanistic networks: the development using supervised multivariate data analysis and implications for chronic pain,"Giordano, Rocco",PAIN,10.1097/j.pain.0000000000003410,"The study involves TKA patients and uses supervised multivariate analysis (DIABLO), but it is unclear whether DIABLO constitutes a machine learning model for PROM prediction or is primarily a statistical dimensionality reduction/integration technique; the primary outcome appears to be clinical pain intensity rather than a validated PROM like KOOS, though Oxford Knee Score is mentioned as a clinical parameter—full text review needed to clarify the modeling approach and whether PROM prediction is a primary objective.",,,,
46,borderline,2025,Predicting patient outcomes and risk for revision surgery after hip and knee replacement surgery: study protocol for a comparison of modelling approaches using the Swiss National Joint Registry (SIRIS),"Hofstetter, Léonie; Schweyckart, Nathalie; Seiler, Christof; Brand, Christian; Rosella, Laura C; Farshad, Mazda; Puhan, Milo A; Hincapié, Cesar A","Universität Zürich, ZORA",10.5167/uzh-280909,"This is a study protocol that describes planned development and validation of ML models to predict PROMs (pain and satisfaction outcomes) after THA/TKA, meeting criteria 1-3; however, it is a protocol without reported results or data, making it unclear whether the study has been completed and whether actual model performance can be assessed.",,,,
47,borderline,2025,Predicting patient outcomes and risk for revision surgery after hip and knee replacement surgery: study protocol for a comparison of modelling approaches using the Swiss National Joint Registry (SIRIS),Léonie Hofstetter; Nathalie Schweyckart; C. Seiler; Christian Brand; L. Rosella; Mazda Farshad; M. Puhan; C. Hincapié,Diagnostic and Prognostic Research,10.1186/s41512-025-00200-z,"This is a study protocol describing planned development and validation of ML models to predict PROMs (pain and satisfaction outcomes) after THA/TKA, meeting all three criteria in principle; however, as a protocol paper with no actual results, data, or model performance reported, it cannot be assessed for whether the models will actually be developed or validated as intended, making full relevance determination impossible until the results paper is published.",,,,
48,borderline,2025,"Shared decision making using digital twins in knee osteoarthritis care: a randomized clinical trial of an AI-enabled decision aid versus education alone on decision quality, physical function, and user experience",Prakash Jayakumar; Paul J. Rathouz; Eugenia Lin; Zoe Trutner; Lauren M. Uhler; John P. Andrawis; Karl Koenig; Joel Tsevat; Kevin J. Bozic,EClinicalMedicine,10.1016/j.eclinm.2025.103545,"The study uses AI to generate digital twins and personalized predictions for TKA decision-making, but the abstract does not clearly specify whether the primary AI/ML model directly predicts PROMs (criterion 3) or whether PROMs are only secondary outcomes used to evaluate the decision aid's impact on decision quality; the KOOS JR appears to be a secondary outcome measured post-intervention rather than the primary prediction target of the AI model.",,,,
49,borderline,2026,Privacy-preserving federated prediction of health outcomes using multi-center survey data,Supratim Das; Mahdie Rafiei; Paula Kammer; Søren T. Skou; D.T. Grønne; Ewa M. Roos; André Hajek; H. H. König; Md Shihab Ullah; Niklas Probul; Jan Baumbach; Linda Baumbach,BMC Medical Research Methodology,10.1186/s12874-026-02785-5,"The study uses ML methods (random forest, linear regression) on health survey data including GLA:D® (which contains joint arthroplasty patients), but the abstract does not explicitly confirm that TKA/THA patients are the primary population or that PROMs are the primary outcomes being predicted—the health outcomes and datasets are described generically, making it unclear whether criterion 1 (TKA/THA procedure) and criterion 3 (PROM outcome) are definitively met.",,,,
50,borderline,2026,Unsupervised Machine Learning Drives Dynamic Alignment Classification In Navigated Total Knee Arthroplasty,Alexa K. Pius; Prudhvi Tej Chinimilli; Laurent Angibaud; Amaury Jung; Corey A Jackson; James I Huddleston,The Journal of Arthroplasty,10.1016/j.arth.2026.04.091,No abstract available to assess whether the study develops ML models to predict patient-reported outcomes (PROM); the title suggests ML classification of alignment but does not clarify if PROMs are the primary outcome.,,,,
51,include,2018,Predictive Model and Web-based Calculator for the Oxford Hip Score After Total Hip Replacement,Talitha Koo Yen; Adriano Stofel Bispo; Danilo Lopes Paiva; Lucas GG Tiago de Souza; Eloisio B Lopes Neto,Orthopedic & Muscular System,10.4172/2161-0533.1000252,"All three criteria are met: (1) study population underwent THA (total hip replacement); (2) multiple AI/ML models were developed and validated (Gradient Boosting Machines, Boosted Generalized Linear Model, Multivariate Adaptive Regression Splines); (3) primary outcome is Oxford Hip Score, a validated PROM.",,,,
52,include,2019,Can Machine Learning Algorithms Predict Which Patients Will Achieve Minimally Clinically Important Differences From Total Joint Arthroplasty?,"Fontana, Mark Alan",CLINICAL ORTHOPAEDICS AND RELATED RESEARCH,10.1097/corr.0000000000000687,"All three criteria are met: (1) the study population includes TKA and THA patients (7239 hip and 6480 knee TJAs); (2) multiple ML algorithms are developed and validated (logistic LASSO, random forest, linear support vector machine); (3) the primary outcome is PROMs (SF-36 PCS/MCS, HOOS JR, KOOS JR) with prediction of minimally clinically important differences at 2 years post-surgery.",,,,
53,include,2019,Predicting patient-reported outcomes following hip and knee replacement surgery using supervised machine learning,Manuel Huber; Christoph Kurz; Reiner Leidl,BMC Medical Informatics and Decision Making,10.1186/s12911-018-0731-6,"All three criteria are met: (1) the study population underwent THA and TKA; (2) eight supervised ML classifiers including extreme gradient boosting, random forests, and elastic net were developed and validated; (3) the primary outcomes are PROMs (EQ-5D-3L VAS and Oxford Hip/Knee Scores).",,,,
54,include,2020,Can Machine Learning Methods Produce Accurate and Easy-to-Use Preoperative Prediction Models of One-Year Improvements in Pain and Functioning After Knee Arthroplasty?,Alex H. S. Harris; Alfred C. Kuo; Thomas Bowe; Luisa Manfredi; Narlina Lalani; Nicholas J. Giori,The Journal of Arthroplasty,10.1016/j.arth.2020.07.026,"All three criteria are met: (1) procedure is TKA; (2) multiple machine learning methods are explicitly used for model development and validation; (3) primary outcomes are PROMs (KOOS Total, KOOS JR, and KOOS subscales including Pain, Symptoms, ADL, Quality of Life).",,,,
55,include,2020,Development of Machine Learning Algorithms to Predict Clinically Meaningful Improvement for the Patient-Reported Health State After Total Hip Arthroplasty,Kyle N. Kunze; Aditya V. Karhade; Alex J. Sadauskas; Joseph H. Schwab; Brett R. Levine,The Journal of Arthroplasty,10.1016/j.arth.2020.03.019,"All three criteria are met: (1) procedure is primary THA; (2) method includes five supervised machine learning algorithms (random forest, and others) with rigorous validation; (3) primary outcome is patient-reported health state (PRHS), a PROM, with clinically meaningful improvement as the prediction target.",,,,
56,include,2020,Natural Language Processing of Patient-Experience Comments After Primary Total Knee Arthroplasty,Patawut Bovonratwet; Tony S. Shen; Wasif Islam; Michael P. Ast; Steven B. Haas; Edwin P. Su,The Journal of Arthroplasty,10.1016/j.arth.2020.09.055,All three criteria are met: (1) primary TKA procedure; (2) machine-learning-based natural language processing applied to patient comments; (3) patient-reported outcome measures (KOOS Junior and pain scores) are analyzed as key outcomes alongside satisfaction data.,,,,
57,include,2021,Development and internal validation of machine learning algorithms to predict patient satisfaction after total hip arthroplasty,Siyuan Zhang; Jerry Yongqiang Chen; Hee Nee Pang; Ngai Nung Lo; Seng Jin Yeo; Ming Han Lincoln Liow,Arthroplasty,10.1186/s42836-021-00087-3,"All three criteria are met: (1) procedure is THA (primary); (2) multiple ML algorithms are developed and validated (Random Forest, XGBoost, SVM, Logistic LASSO); (3) primary outcome is patient satisfaction predicted using preoperative PROMs (SF-36, WOMAC, OHS) with postoperative satisfaction as the target PROM outcome.",,,,
58,include,2021,Development of machine learning algorithms to predict achievement of minimal clinically important difference for the KOOS‐PS following total knee arthroplasty,Akhil Katakam; Aditya V. Karhade; Austin K. Collins; David Shin; Charles R. Bragdon; Antonia F. Chen; Christopher M. Melnic; Joseph H. Schwab; Hany S. Bedair,Journal of Orthopaedic Research®,10.1002/jor.25125,"All three criteria are met: (1) study population underwent primary TKA; (2) multiple machine learning algorithms were developed and evaluated (elastic-net penalized logistic regression, and four other ML models); (3) primary outcome is KOOS-PS, a validated patient-reported outcome measure.",,,,
59,include,2021,Machine learning algorithms do not outperform preoperative thresholds in predicting clinically meaningful improvements after total knee arthroplasty,Siyuan Zhang; Bernard Puang Huh Lau; Yau Hong Ng; Xinyu Wang; Weiliang Chua,Knee Surgery Sports Traumatology Arthroscopy,10.1007/s00167-021-06642-4,"All three criteria are met: (1) study population underwent primary TKA; (2) machine learning algorithms were developed and validated (comparing ML performance against preoperative thresholds); (3) primary outcomes are PROMs (SF-36 PCS, SF-36 MCS, and WOMAC) with MCID attainment as the prediction target.",,,,
60,include,2021,Patient Factors That Matter in Predicting Hip Arthroplasty Outcomes: A Machine-Learning Approach,Jhase Sniderman; Roland B. Stark; Carolyn E. Schwartz; Hajra Imam; Joel Finkelstein; Markku Nousiainen,The Journal of Arthroplasty,10.1016/j.arth.2020.12.038,All three criteria are met: (1) the study population underwent THA (total hip arthroplasty); (2) a machine learning model (LASSO) was developed to predict outcomes; and (3) the primary outcome is a patient-reported outcome measure (HOOS — Hip Disability and Osteoarthritis Outcome Score).,,,,
61,include,2022,Can the Output of a Learned Classification Model Monitor a Person’s Functional Recovery Status Post-Total Knee Arthroplasty?,Jill Emmerzaal; Arne De Brabandere; Rob van der Straaten; Johan Bellemans; Liesbet De Baets; Jesse Davis; Ilse Jonkers; Annick Timmermans; Benedicte Vanwanseele,Sensors,10.3390/s22103698,"All three criteria are met: (1) procedure is TKA; (2) logistic regression is used as an ML/statistical classification model; (3) primary outcome is KOOS-ADL, a validated PROM for knee arthroplasty.",,,,
62,include,2022,"Computerized adaptive testing for the Oxford Hip, Knee, Shoulder, and Elbow scores",Conrad Harrison; Otho R. Plummer; Jill Dawson; Crispin Jenkinson; Audrey Hunt; Jeremy Rodrigues,Bone & Joint Open,10.1302/2633-1462.310.bjo-2022-0073.r1,"All three criteria are met: (1) procedure includes TKA and THA (OKS and OHS are primary outcomes); (2) machine learning method used (regression tree learning for CAT algorithms); (3) primary outcomes are PROMs (Oxford Knee Score and Oxford Hip Score, validated patient-reported instruments).",,,,
63,include,2022,Logistic Regression and Machine Learning Models Cannot Discriminate Between Satisfied and Dissatisfied Total Knee Arthroplasty Patients,"Munn, Joseph S.",JOURNAL OF ARTHROPLASTY,10.1016/j.arth.2021.10.017,"All three criteria are met: (1) study population underwent primary TKA; (2) multiple ML methods were used including extreme gradient boosting and gradient boosted trees alongside logistic regression; (3) primary outcome is patient satisfaction (a PROM-related outcome) predicted from pre-operative PROM subscales (KOOS/WOMAC, SF-12, Knee Society scores).",,,,
64,include,2022,Patient-Reported Outcomes for Function and Pain in Total Knee Arthroplasty Patients,Amanda Agnes Østervig Buus; Flemming Witt Udsen; Britt Laugesen; Anders El‐Galaly; Mogens Berg Laursen; Ole Hejlesen,Nursing Research,10.1097/nnr.0000000000000602,"All three criteria are met: (1) procedure is TKA; (2) multiple ML methods are used (random forest, stochastic gradient boosting, support vector machine); (3) primary outcome is a PROM (Oxford Knee Score functional and pain subcomponents).",,,,
65,include,2023,Coronal and Sagittal Component Position in Contemporary Total Knee Arthroplasty: Targeting Native Alignment Optimizes Clinical Outcomes,Hassan Farooq; Evan R. Deckard; Justin Carlson; Nathan Ghattas; R. Michael Meneghini,The Journal of Arthroplasty,10.1016/j.arth.2023.04.040,All three criteria are met: (1) procedure is TKA; (2) classification and regression tree machine learning models are used; (3) primary outcomes are PROMs (patient-reported outcome measures and MCIDs in PROM scores).,,,,
66,include,2023,Correlation between Harris hip score and gait analysis through artificial intelligence pose estimation in patients after total hip arthroplasty,Sang-Yeob Lee; Seong Jin Park; Jeong‐An Gim; Yang Jae Kang; Sung Hoon Choi; Sung‐Hyo Seo; Shin June Kim; Seung Chan Kim; Hyeon Su Kim; Jun‐Il Yoo,Asian Journal of Surgery,10.1016/j.asjsur.2023.05.107,"All three criteria are met: (1) procedure is THA (total hip arthroplasty); (2) method includes AI/ML models (random forest, K-means clustering, PCA); (3) primary outcome is Harris Hip Score (HHS), which is a validated patient-reported outcome measure for hip function.",,,,
67,include,2023,DEVELOPING AND EVALUATING <i>THE SMART CHOICE (KNEE)</i>: A PATIENT-FOCUSED TOOL TO PREDICT HEALTH-RELATED QUALITY OF LIFE OUTCOMES AFTER TOTAL KNEE ARTHROPLASTY,Yushy Zhou; M Dowsey; T Spelman; P Choong; C Schilling,Orthopaedic Proceedings,10.1302/1358-992x.2023.3.118,"All three criteria are met: (1) the study population underwent primary TKA for osteoarthritis; (2) the study develops and validates machine learning models (logistic regression and three ML algorithms) alongside statistical comparison; (3) the primary outcome is a patient-reported outcome measure (Veterans-RAND 12 utility score, a validated PROM assessing health-related quality of life).",,,,
68,include,2023,MODELING TO PREDICT THE PATIENTS' POSTOPERATIVE WOMAC SCORE BY FEATURES ENGINEERING AND GRADIENT BOOST TREE,"Sinlapasorn, Saranchai",SURANAREE JOURNAL OF SCIENCE AND TECHNOLOGY,,"All three criteria are met: (1) procedure is total knee replacement (TKA); (2) method uses multiple ML techniques including Gradient Boost Trees, Support Vector Machines, and Deep Learning; (3) primary outcome is postoperative WOMAC score, a validated PROM.",,,,
69,include,2023,MODELING TO PREDICT THE PATIENTS’ POSTOPERATIVE WOMAC SCORE BY FEATURES ENGINEERING AND GRADIENT BOOST TREE,Saranchai Sinlapasorn; Benjawan Rodjanadid; Jessada Tanthanuch; Bura Sindhupakorn; Arjuna Chaiyasena,Suranaree Journal of Science and Technology,10.55766/sujst-2023-03-e02049,"All three criteria are met: (1) procedure is total knee replacement (TKA); (2) method uses multiple ML techniques including Gradient Boost Trees, Support Vector Machines, and Deep Learning; (3) primary outcome is postoperative WOMAC score, a validated PROM.",,,,
70,include,2023,Medium-term patient's satisfaction after primary total knee arthroplasty: enhancing prediction for improved care,M. Ulivi; Luca Orlandini; Mario D’Errico; Riccardo Perrotta; Sofia Perfetti; Simona Ferrante; Linda Greta Dui,Orthopaedics & Traumatology Surgery & Research,10.1016/j.otsr.2023.103734,All three criteria are met: (1) primary TKA procedure; (2) machine learning algorithms explicitly used and compared to statistical models; (3) patient satisfaction (a PROM) at five years post-surgery is the primary outcome being predicted.,,,,
71,include,2023,Predicting whether patients will achieve minimal clinically important differences following hip or knee arthroplasty,Benedikt Langenberger; Daniel Schrednitzki; Andreas M. Halder; Reinhard Busse; Christoph Pross,Bone and Joint Research,10.1302/2046-3758.129.bjr-2023-0070.r2,"All three criteria are met: (1) study population underwent TKA and THA (primary procedures); (2) multiple AI/ML models were developed and validated including artificial neural networks, gradient boosting, random forest, LASSO, ridge regression, elastic net, and logistic regression as baseline; (3) primary outcomes are PROMs (EQ-5D-5L, EQ-VAS, HOOS-PS, KOOS-PS) with prediction of MCID achievement as the key secondary outcome.",,,,
72,include,2023,"The development of machine learning algorithms that can predict patients satisfaction using baseline characteristics, and preoperative and operative factors of total knee arthroplasty",Hee Seung Nam; Jade Pei Yuik Ho; Seong Yun Park; Joon Hee Cho; Yong Seuk Lee,The Knee,10.1016/j.knee.2023.08.018,"All three criteria are met: (1) the study population underwent primary TKA; (2) the study develops and validates ML models including XGBoost and logistic regression as a baseline; (3) the primary outcome is patient satisfaction following TKA, which is a PROM, with SF-36 and WOMAC explicitly mentioned as key predictive features.",,,,
73,include,2023,The utility of machine learning algorithms for the prediction of patient-reported outcome measures following primary hip and knee total joint arthroplasty.,Klemt C,Arch Orthop Trauma Surg,10.1007/s00402-022-04526-x,"All three criteria are met: (1) study population underwent primary THA and TKA; (2) four machine learning algorithms were developed and validated; (3) primary outcomes are PROMs (HOOS-PS, KOOS-PS, SF-10A Physical Function, PROMIS SF Physical and Mental).",,,,
74,include,2023,USING CLASSIFIER NEURAL NETWORKS TO ESTIMATE PERSONALIZED PATIENT-REPORTED OUTCOME MEASURES AFTER HIP ARTHROPLASTY,F. de Mello; Visakan Kadirkamanathan; J. Mark Wilkinson,Orthopaedic Proceedings,10.1302/1358-992x.2023.12.085,"All three criteria are met: (1) the study population underwent hip arthroplasty (THA); (2) a classifier neural network (AI/ML method) was developed and validated; (3) the primary outcome is Oxford Hip Score (OHS), a validated patient-reported outcome measure.",,,,
75,include,2023,Using Unsupervised Machine Learning to Predict Quality of Life After Total Knee Arthroplasty,Jennifer Hunter; Farzan Soleymani; Herna L. Viktor; Wojtek Michalowski; Stéphane Poitras; Paul E. Beaulé,The Journal of Arthroplasty,10.1016/j.arth.2023.09.027,"All three criteria are met: (1) study population underwent TKA; (2) unsupervised machine learning algorithm (spectral clustering) was used; (3) primary outcome is PROMIS GH-P, a validated patient-reported outcome measure.",,,,
76,include,2024,Artificial intelligence-based analysis of lower limb muscle mass and fatty degeneration in patients with knee osteoarthritis and its correlation with Knee Society Score,Kohei Kono; Tomofumi Kinoshita; Mazen Soufi; Yoshito Otake; Yuto Masaki; Keisuke Uemura; Tatsuhiko Kutsuna; Kazunori Hino; Takuma Miyamoto; Yasuhito Tanaka; Yoshinobu Sato; Masaki Takao,International Journal of Computer Assisted Radiology and Surgery,10.1007/s11548-024-03284-y,"All three criteria are met: (1) study population underwent TKA for end-stage knee osteoarthritis; (2) AI-based methods were used to segment and analyze muscle groups from CT images; (3) the primary outcome includes the Knee Society Scoring System (KSS), which contains patient-reported outcome measures for functional activities and symptoms.",,,,
77,include,2024,Identifying who are unlikely to benefit from total knee arthroplasty using machine learning models,Xiaodi Liu; Yingnan Liu; Mong Li Lee; Wynne Hsu; Ming Han Lincoln Liow,npj Digital Medicine,10.1038/s41746-024-01265-8,"All three criteria are met: (1) procedure is TKA; (2) machine learning models are developed and validated (image-only, clinical-data only, and multimodal); (3) primary outcomes are patient-reported measures (KSS, SF-36 with PCS/MCS, and OKS).",,,,
78,include,2024,"Improved Prediction of Postoperative Knee Function Using Preoperative Patient Factors and Intraoperative Measures of Bony Resection, Ligament Release, and Implant Alignment in Total Knee Arthroplasty: A Database Analysis of 363 Cases",Matthew Hickey; Parvez Anwar Khan; Joseph Baines; David J. Allen; Findlay Welsh; Kamal Deep; Alistair Ewen; François Leitner; Antony J. Hodgson; F. Picard,EPiC series in health sciences,10.29007/zjq1,"All three criteria are met: (1) the study population underwent TKA; (2) the study develops and validates multiple ML models (Support Vector Machine, XGBoost/Boosted Decision Tree, and linear regression as baseline); and (3) the primary outcome is the Oxford Knee Score (OKS), a validated PROM.",,,,
79,include,2024,Second opinion machine learning for fast-track pathway assignment in hip and knee replacement surgery: the use of patient-reported outcome measures,Andrea Campagner; Frida Milella; Giuseppe Banfi; Federico Cabitza,BMC Medical Informatics and Decision Making,10.1186/s12911-024-02602-3,"All three criteria are met: (1) the study population underwent hip and knee arthroplasty (THA/TKA); (2) machine learning models were developed and validated (Random Forest, interpretable models, cautious prediction); (3) the primary outcome is patient-reported outcome measures (PROMs) used to predict health status improvement and support fast-track pathway assignment.",,,,
80,include,2024,Surgical factors play a critical role in predicting functional outcomes using machine learning in robotic‐assisted total knee arthroplasty,Lisa Spahn Lundgren; Nathalie Willems; Robert Marchand; Cécile Batailler; Sébastien Lustıg,Knee Surgery Sports Traumatology Arthroscopy,10.1002/ksa.12302,"All three criteria are met: (1) the study population underwent TKA (robotic-assisted); (2) four machine learning algorithms were developed and evaluated to predict MCID status; and (3) the primary outcomes are PROMs (KOOS-JR, WOMAC Function, WOMAC Pain).",,,,
81,include,2025,A development of machine learning models to preoperatively predict insufficient clinical improvement after total knee arthroplasty,Geunwu Gimm; Byoungjun Jeon; Sung Eun Kim; Byeong Soo Kim; Hyuk‐Soo Han; Sungwan Kim,Journal of Orthopaedic Surgery and Research,10.1186/s13018-025-06206-z,"All three criteria are met: (1) the study population underwent primary TKA; (2) multiple machine learning models (ExtraTrees, and variety of other ML models) were developed and validated; (3) the primary outcome is WOMAC (Western Ontario and McMaster Universities Osteoarthritis Index), a validated patient-reported outcome measure.",,,,
82,include,2025,"A simplifed and internally validated model based on 82,526 total hip arthroplasties from the Swedish Arthroplasty Register","Alagha, M. A.",BONE & JOINT OPEN,10.1302/2633-1462,"All three criteria are met: (1) procedure is primary elective THA; (2) machine learning methods are used (gradient boosting machine and other ML models compared); (3) primary outcomes are PROMs (EQ-5D index, EQ-VAS, and combined scores with MCID thresholds).",,,,
83,include,2025,ABS1058 PREDICTING FUNCTIONAL OUTCOMES AFTER TOTAL KNEE ARTHROPLASTY USING MACHINE LEARNING ALGORITHMS,J.T. Lee; Bo Ri Kim; Sang Hyun Choi,Annals of the Rheumatic Diseases,10.1016/j.ard.2025.06.1236,"All three criteria are met: (1) procedure is TKA; (2) multiple ML algorithms are used (Linear Regression, Poisson Regressor, Tweedie Regressor, Passive Aggressive Regressor, ARD Regression) with SHAP interpretation; (3) primary outcomes include PROMs (WOMAC, EQ-5D, VAS) measured postoperatively at 3 months.",,,,
84,include,2025,Biopsychosocial based machine learning models predict patient improvement after total knee arthroplasty,Karen Ribbons; Jodie A. Cochrane; Sarah J. Johnson; Adrian Wills; Elizabeth Ditton; David Dewar; Matthew Broadhead; Ian Chan; Michael F. Dixon; Christopher James Dunkley; Richard Harbury; Aleksandar Jovanović; Anthony Leong; Peter Summersell; Chad Todhunter; Richard Verheul; Michael Pollack; Rohan Walker; Michael Nilsson,Scientific Reports,10.1038/s41598-025-88560-w,All three criteria are met: (1) procedure is TKA; (2) machine learning methods (Bayesian inference and machine learning models) are used; (3) primary outcomes are PROMs (SF-12 Physical Composite Score and WOMAC) measuring patient improvement at three months post-TKA.,,,,
85,include,2025,Can a Large Language Model Interpret Data in the Electronic Health Record to Infer Minimum Clinically Important Difference Achievement of Knee Osteoarthritis Outcome Score-Joint Replacement Score Following Total Knee Arthroplasty?,Zalikha L,J Arthroplasty,10.1016/j.arth.2025.03.049,"All three criteria are met: (1) study population underwent TKA; (2) a large language model (ChatGPT 3.5) was used as an AI method to predict outcomes; (3) the primary outcome is KOOS-JR (Knee Osteoarthritis Outcome Score-Joint Replacement), a validated PROM.",,,,
86,include,2025,Deep learning–based clustering for endotyping and post-arthroplasty response classification using knee osteoarthritis multiomic data,Jason S. Rockel; Divya Sharma; Osvaldo Espin‐Garcia; Katrina Hueniken; Amit Sandhu; Chiara Pastrello; Kala Sundararajan; Pratibha Potla; Noah Fine; Starlee S. Lively; Kim Perry; Nizar N. Mahomed; Khalid Syed; Igor Jurišica; Anthony V. Perruccio; Y. Raja Rampersaud; Rajiv Gandhi; Mohit Kapoor,Annals of the Rheumatic Diseases,10.1016/j.ard.2025.01.012,"All three criteria are met: (1) study population underwent TKA; (2) multimodal deep learning variational autoencoder with K-means clustering and machine learning framework employed; (3) primary outcome is WOMAC pain/function response classification post-TKA, which is a validated PROM.",,,,
87,include,2025,IMU-augmented Patient-related Outcome Measure for Knee Arthroplasty Patients,Ted Yeung; Sabina Yang; Shasha Yeung; Faseeh Zaidi; Sebastian Weaver; Scott M. Bolam; Megan Lovatt; Thor F. Besier; Jacob T. Munro; Michael Hanlon; A. Paul Monk; Justin Fernandez,Journal of Medical and Biological Engineering,10.1007/s40846-025-00974-z,"All three criteria are met: (1) the study population underwent total knee arthroplasty (TKA); (2) the study develops and validates machine learning models (random forest regressors); (3) the primary outcome is a patient-reported outcome measure (EQ-5D-5L score for quality of life, with Oxford Knee Score [OKS] also used as a PROM predictor).",,,,
88,include,2025,PREDICTING PATIENT-REPORTED OUTCOME MEASURES FOLLOWING HIP AND KNEE ARTHROPLASTY USING SUPERVISED MACHINE LEARNING,Samantha Davies; Amr Selim; Andrew Roberts; Geraint Thomas; Paul Cool,Orthopaedic Proceedings,10.1302/1358-992x.2025.2.020,"All three criteria are met: (1) the study population underwent primary hip and knee arthroplasty (THA/TKA); (2) supervised machine learning models (SGD, CART, SVM) were developed and validated; (3) primary outcomes were patient-reported outcome measures (Oxford Hip Score, Oxford Knee Score, EQ-5D-3L, EQ-5D-VAS).",,,,
89,include,2025,Prediction of quality-of-life improvement after total hip arthroplasty,M. Abdulhadi Alagha; Justin Cobb; Alexander D. Liddle; Henrik Malchau; Maziar Mohaddes; Ola Rolfson,Bone & Joint Open,10.1302/2633-1462.611.bjo-2025-0138.r1,"All three criteria are met: (1) procedure is primary elective THA; (2) machine learning models (gradient boosting machine and others) are developed and validated; (3) primary outcomes are PROMs (EQ-5D index, EQ-VAS) with validated patient-reported measures.",,,,
90,include,2025,Preoperatively predicting failure to achieve the minimum clinically important difference and substantial clinical benefit for total knee arthroplasty patients using machine learning,Jaeyoung Park; Emilie N. Miley; Xiang Zhong; Chancellor F. Gray,Knee Surgery and Related Research,10.1186/s43019-025-00289-y,"All three criteria are met: (1) the study population underwent TKA; (2) multiple ML models were developed and validated (random forest, extreme gradient boosting, support vector machine, penalized logistic regression); (3) the primary outcome is a PROM (KOOS JR, with PROMIS-10 as additional PROM), specifically predicting achievement of MCID and SCB thresholds.",,,,
91,include,2025,Preoperatively predicting failure to achieve the minimum clinically important difference and the substantial clinical benefit in patient-reported outcome measures for total hip arthroplasty patients using machine learning,Jaeyoung Park; Xiang Zhong; Emilie N. Miley; Chancellor F. Gray,BMC Musculoskeletal Disorders,10.1186/s12891-025-08339-y,"All three criteria are met: (1) procedure is THA (total hip arthroplasty); (2) multiple machine learning models were developed and evaluated (areas under ROC and precision-recall curves reported); (3) primary outcome is a PROM (Hip Disability and Osteoarthritis Outcome Score for Joint Replacement, with MCID and SCB as key endpoints).",,,,
92,include,2025,Role of AI in the analysis of total knee arthroplasty,Anuraag Mohanty; Priyankar Nanda; Preethiv Rajendran,Bioinformation,10.6026/973206300213725,"All three criteria are met: (1) procedure is primary TKA; (2) AI/ML method is used (ChatGPT-based model); (3) primary outcome is KOOS, a validated PROM.",,,,
93,include,2025,USING UNSUPERVISED MACHINE LEARNING TO PREDICT QUALITY OF LIFE AFTER TOTAL KNEE ARTHROPLASTY,Jane Hunter; Fazlollah Soleymani; Herna L. Viktor; Wojtek Michalowski; Stéphane Poitras; Paul E. Beaulé,Orthopaedic Proceedings,10.1302/1358-992x.2025.10.077,All three criteria are met: (1) the study population underwent TKA (primary procedure); (2) an unsupervised machine learning algorithm (spectral clustering) was used to identify patient clusters; and (3) the primary outcome is a patient-reported outcome measure (PROMIS GH scores measured pre-operatively and at 3-months and 1-year post-op).,,,,
94,include,2026,Analysis of the clinical efficacy of robot-assisted left total knee arthroplasty performed by surgeons with varying levels of experience,Hongping Wang; Mingyou Wang; Xiaoqin Yang; Heng Xiao; Shaojiang Liu; Zhuodong Tang; Xunzhou Song; Guocong Min; Yuping Lan,Journal of Robotic Surgery,10.1007/s11701-026-03166-2,"All three criteria are met: (1) the study population underwent TKA (left total knee arthroplasty); (2) the study compares robot-assisted versus conventional TKA, evaluating robotic technology's impact on outcomes; and (3) key outcomes include WOMAC scores and KSS (Knee Society Score), which are validated patient-reported outcome measures assessed at postoperative days 3 and 90.",,,,
95,include,2026,Early outcomes and the learning curve of two domestically produced surgical robot systems with different operational philosophies for total knee arthroplasty,Mingyou Wang; Zhu Mei; Yuping Lan; Xiaoqin Yang; Xunzhou Song; Zhuodong Tang; Zaihai Yang; Hongping Wang,Journal of Robotic Surgery,10.1007/s11701-026-03177-z,"All three criteria are met: (1) the study population underwent TKA; (2) the study evaluates robotic-assisted surgical systems (which employ AI/ML algorithms for surgical guidance and planning); and (3) key outcomes include patient-reported outcome measures (WOMAC, KSS, VAS, patient satisfaction) alongside clinical measures.",,,,
96,include,2026,Machine Learning Using Preoperative Patient Factors Can Predict the Severity of Pain Following Primary Total Hip Arthroplasty,Ayomide Michael Ade‐Conde; Issa Ahmed; Ajay Shah; Michael Hardisty; Cari Whyne; Bheeshma Ravi; Harman Chaudhry,The Journal of Arthroplasty,10.1016/j.arth.2026.04.023,"All three criteria are met: (1) primary THA procedure; (2) multiple ML models developed and validated (linear, tree-based ensemble, neural network approaches); (3) primary outcome is patient-reported pain severity measured on visual analog scale, with WOMAC and ICOAP as key preoperative predictors.",,,,
97,include,2026,SRS108 - Predicting patient-reported outcome measures and evaluating the impact of pre-operative comorbidities on outcomes of hip and knee arthroplasty using supervised machine learning,Ibrahim Abdelrahman; Amr Selim; Samantha Davies; A. Roberts; Geraint Thomas; Paul Cool,British journal of surgery,10.1093/bjs/znag018.105,"All three criteria are met: (1) study population underwent primary hip and knee arthroplasty (THA/TKA); (2) supervised machine learning models were developed and internally validated; (3) primary outcome was patient-reported outcome measures (Oxford Hip Score, Oxford Knee Score, EQ-5D) improvement following arthroplasty.",,,,
